model,params,valid_log_loss,valid_accuracy
Logistic regression,C=0.001,0.6033642867190397,0.6682926829268293
Logistic regression,C=0.003,0.6026776546141125,0.6747967479674797
Logistic regression,C=0.01,0.6022293725486194,0.6764227642276422
Logistic regression,C=0.03,0.6021388065636277,0.6747967479674797
Logistic regression,C=0.1,0.6021831677065336,0.675609756097561
Logistic regression,C=0.3,0.6021853030391949,0.675609756097561
Logistic regression,C=1.0,0.60218992991667,0.675609756097561
Logistic regression,C=3.0,0.6022164803119793,0.675609756097561
Logistic regression,C=10.0,0.6022173686859772,0.675609756097561
Gradient boosting,"lr=0.01, depth=1, trees=100",0.6412403098172054,0.6585365853658537
Gradient boosting,"lr=0.01, depth=1, trees=200",0.6253587386371787,0.6528455284552845
Gradient boosting,"lr=0.01, depth=1, trees=400",0.614367384446874,0.6544715447154471
Gradient boosting,"lr=0.01, depth=2, trees=100",0.6280560798880866,0.6544715447154471
Gradient boosting,"lr=0.01, depth=2, trees=200",0.6151099898192138,0.656910569105691
Gradient boosting,"lr=0.01, depth=2, trees=400",0.6087358145207673,0.667479674796748
Gradient boosting,"lr=0.01, depth=3, trees=100",0.6246478884622833,0.656910569105691
Gradient boosting,"lr=0.01, depth=3, trees=200",0.6125818889686601,0.6593495934959349
Gradient boosting,"lr=0.01, depth=3, trees=400",0.6087918106378697,0.6707317073170732
Gradient boosting,"lr=0.01, depth=4, trees=100",0.6230564315542019,0.6536585365853659
Gradient boosting,"lr=0.01, depth=4, trees=200",0.6112354170029728,0.6634146341463415
Gradient boosting,"lr=0.01, depth=4, trees=400",0.610784497524543,0.6617886178861788
Gradient boosting,"lr=0.02, depth=1, trees=100",0.6251711323384053,0.6528455284552845
Gradient boosting,"lr=0.02, depth=1, trees=200",0.6142938536740306,0.6552845528455284
Gradient boosting,"lr=0.02, depth=1, trees=400",0.6086601061352412,0.6666666666666666
Gradient boosting,"lr=0.02, depth=2, trees=100",0.6150110299977064,0.656910569105691
Gradient boosting,"lr=0.02, depth=2, trees=200",0.6087088149007551,0.6658536585365854
Gradient boosting,"lr=0.02, depth=2, trees=400",0.6078742180576485,0.6764227642276422
Gradient boosting,"lr=0.02, depth=3, trees=100",0.6125654680354171,0.6577235772357723
Gradient boosting,"lr=0.02, depth=3, trees=200",0.6084885443106628,0.6707317073170732
Gradient boosting,"lr=0.02, depth=3, trees=400",0.6081624144935553,0.6715447154471544
Gradient boosting,"lr=0.02, depth=4, trees=100",0.6112922772989812,0.6626016260162602
Gradient boosting,"lr=0.02, depth=4, trees=200",0.608839617992142,0.6699186991869919
Gradient boosting,"lr=0.02, depth=4, trees=400",0.608839617992142,0.6699186991869919
Gradient boosting,"lr=0.05, depth=1, trees=100",0.6120791334802825,0.6609756097560976
Gradient boosting,"lr=0.05, depth=1, trees=200",0.6077874013091512,0.6666666666666666
Gradient boosting,"lr=0.05, depth=1, trees=400",0.6075130614446269,0.6658536585365854
Gradient boosting,"lr=0.05, depth=2, trees=100",0.6075619447314956,0.6682926829268293
Gradient boosting,"lr=0.05, depth=2, trees=200",0.6074928960277982,0.675609756097561
Gradient boosting,"lr=0.05, depth=2, trees=400",0.6074928960277982,0.675609756097561
Gradient boosting,"lr=0.05, depth=3, trees=100",0.6078832426084266,0.6707317073170732
Gradient boosting,"lr=0.05, depth=3, trees=200",0.6077652934796792,0.6715447154471544
Gradient boosting,"lr=0.05, depth=3, trees=400",0.6077652934796792,0.6715447154471544
Gradient boosting,"lr=0.05, depth=4, trees=100",0.6088887085686941,0.6658536585365854
Gradient boosting,"lr=0.05, depth=4, trees=200",0.6088887085686941,0.6658536585365854
Gradient boosting,"lr=0.05, depth=4, trees=400",0.6088887085686941,0.6658536585365854
