season,model,games,accuracy,log_loss,brier,auc
2013-14,Home team always wins,1230,0.5804878048780487,0.6809453192274054,0.24391306402186094,0.5
2013-14,Better record wins,1230,0.651219512195122,0.6467564222404296,0.22716445834102206,0.6560986797819903
2013-14,Elo only,1230,0.6601626016260163,0.6091774088200689,0.21101144427169471,0.7190818187740212
2013-14,Logistic regression,1230,0.6617886178861788,0.6041331617950499,0.20888652332679375,0.7227596464942567
2013-14,Gradient boosting,1230,0.6544715447154471,0.6045069484122075,0.20899792424509578,0.7191876750700279
2013-14,Ensemble (LR + GB),1230,0.6528455284552845,0.6019466831493514,0.20798835754751077,0.7235332117343062
2014-15,Home team always wins,1230,0.5747967479674797,0.6826157413293057,0.2447446941483061,0.5
2014-15,Better record wins,1230,0.6666666666666666,0.6371293188945286,0.22249999999999998,0.671228171710916
2014-15,Elo only,1230,0.6715447154471544,0.6020727690208932,0.2079084635577559,0.7337090715353971
2014-15,Logistic regression,1230,0.6731707317073171,0.6003932027144367,0.20700493814746634,0.7289113778900425
2014-15,Gradient boosting,1230,0.6764227642276422,0.6038962165029776,0.20792874625877492,0.7269560608068455
2014-15,Ensemble (LR + GB),1230,0.6813008130081301,0.600266048483421,0.2066859053087763,0.7306692701501781
2015-16,Home team always wins,1230,0.5886178861788618,0.6773577644788736,0.24214692993269643,0.5
2015-16,Better record wins,1230,0.667479674796748,0.6366260349852554,0.2222560975609756,0.672911252811565
2015-16,Elo only,1230,0.6926829268292682,0.584913735860474,0.20019967504961184,0.7430638962286812
2015-16,Logistic regression,1230,0.6845528455284553,0.5810841814844538,0.19876682376222216,0.7448136178018474
2015-16,Gradient boosting,1230,0.6804878048780488,0.5869429232943972,0.20115298367899737,0.7385572030659708
2015-16,Ensemble (LR + GB),1230,0.6829268292682927,0.5825256190450605,0.19935402301852378,0.7431730832223264
2016-17,Home team always wins,1230,0.583739837398374,0.6791014057833121,0.24300958510872314,0.5
2016-17,Better record wins,1230,0.6276422764227643,0.661236104561606,0.23418344533514093,0.6346214528203343
2016-17,Elo only,1230,0.6504065040650406,0.6285903275194719,0.21921330258239963,0.6880739684888578
2016-17,Logistic regression,1230,0.6520325203252032,0.622556534437167,0.21666153337342137,0.6943658600278552
2016-17,Gradient boosting,1230,0.6471544715447154,0.6269181795807058,0.2183413862503551,0.6887295438718661
2016-17,Ensemble (LR + GB),1230,0.6577235772357723,0.6234457992638485,0.2170226212927614,0.6922848842270195
2017-18,Home team always wins,1230,0.5788617886178862,0.6808145771289715,0.2438574775093087,0.5
2017-18,Better record wins,1230,0.6333333333333333,0.6576306107073825,0.23243723098125832,0.6373286408398768
2017-18,Elo only,1230,0.6626016260162602,0.6200466639297054,0.21528916564098521,0.7019082686217517
2017-18,Logistic regression,1230,0.6536585365853659,0.6163112008302494,0.21418006814457025,0.6991724870938354
2017-18,Gradient boosting,1230,0.6430894308943089,0.6166813736038814,0.2143767353437389,0.6965776972799445
2017-18,Ensemble (LR + GB),1230,0.6479674796747967,0.6155226907489373,0.213846512798298,0.6992782308793545
2018-19,Home team always wins,1230,0.5926829268292683,0.6759504804773026,0.24145022833190893,0.5
2018-19,Better record wins,1230,0.640650406504065,0.6533182159667642,0.2303444084965303,0.6454306750011636
2018-19,Elo only,1230,0.6609756097560976,0.6162908885866892,0.21366076013054525,0.7017542418592171
2018-19,Logistic regression,1230,0.6585365853658537,0.6076917606634975,0.21017563849881546,0.7095000670812011
2018-19,Gradient boosting,1230,0.6593495934959349,0.6118167845610064,0.2118986750232881,0.7039610764753073
2018-19,Ensemble (LR + GB),1230,0.6593495934959349,0.6089192858193423,0.21067324864521728,0.7079339263859113
2019-20,Home team always wins,1059,0.5514636449480642,0.6904468516257636,0.24862461625329402,0.5
2019-20,Better record wins,1059,0.6440037771482531,0.6511585360822053,0.22929886685552409,0.6463806777217016
2019-20,Elo only,1059,0.6440037771482531,0.6367205949855993,0.22265585085498005,0.6956056236481615
2019-20,Logistic regression,1059,0.6562795089707271,0.6243942103356822,0.2175675467785305,0.7025414563806777
2019-20,Gradient boosting,1059,0.6402266288951841,0.6337585866827207,0.22161109914482052,0.691065248738284
2019-20,Ensemble (LR + GB),1059,0.6525023607176582,0.6282640900928377,0.21924831342478068,0.6982516222062004
2020-21,Home team always wins,1080,0.5435185185185185,0.6926335424426303,0.24971259751616304,0.5
2020-21,Better record wins,1080,0.6083333333333333,0.6732399393848918,0.24000000000000005,0.6093226810785408
2020-21,Elo only,1080,0.6037037037037037,0.6596629294348247,0.23340789455093897,0.677066667588142
2020-21,Logistic regression,1080,0.6287037037037037,0.646144200699809,0.22735411453880774,0.6783072037485617
2020-21,Gradient boosting,1080,0.6175925925925926,0.6455049981688188,0.22727277569595686,0.6768126859508417
2020-21,Ensemble (LR + GB),1080,0.6222222222222222,0.6450974219947212,0.2270328836585062,0.6784281473853714
2021-22,Home team always wins,1230,0.5439024390243903,0.6919302196480243,0.24936922103726475,0.5
2021-22,Better record wins,1230,0.6268292682926829,0.6617902304489229,0.2344512195121951,0.6278866214239466
2021-22,Elo only,1230,0.6447154471544716,0.6489549518313563,0.22708500208283477,0.6952670999096745
2021-22,Logistic regression,1230,0.6495934959349593,0.6367530959299318,0.22215443576348076,0.6917873005976409
2021-22,Gradient boosting,1230,0.6487804878048781,0.6408362972358025,0.22385048790484874,0.6881023370076391
2021-22,Ensemble (LR + GB),1230,0.6430894308943089,0.6381177440911019,0.22276347917293945,0.6906522358909593
2022-23,Home team always wins,1230,0.5804878048780487,0.6801667218894873,0.24353764785089943,0.5
2022-23,Better record wins,1230,0.6040650406504066,0.6759797441189408,0.24132671190762306,0.6068402167068379
2022-23,Elo only,1230,0.6333333333333333,0.6530776273898287,0.22947195587136776,0.6515346448656982
2022-23,Logistic regression,1230,0.6284552845528455,0.6406742306898586,0.2246028979899945,0.6625654137624042
2022-23,Gradient boosting,1230,0.6219512195121951,0.643997447483206,0.22618009710378575,0.6563863917660088
2022-23,Ensemble (LR + GB),1230,0.6308943089430894,0.6417874084671239,0.22517693178972187,0.6596964367142206
2023-24,Home team always wins,1230,0.5430894308943089,0.6917481505104006,0.24928252395311065,0.5
2023-24,Better record wins,1230,0.6495934959349593,0.6477381148607945,0.22764095299348772,0.651346772646877
2023-24,Elo only,1230,0.6430894308943089,0.6254277866408969,0.2184335088866097,0.7146365631725873
2023-24,Logistic regression,1230,0.6617886178861788,0.6078764029643327,0.21051162078180585,0.7243484561126856
2023-24,Gradient boosting,1230,0.656910569105691,0.6111186345289769,0.2119907543282267,0.7213424574338867
2023-24,Ensemble (LR + GB),1230,0.6617886178861788,0.6089071924465638,0.21100392628020298,0.7237864129392462
2024-25,Home team always wins,1230,0.5439024390243903,0.6911482576543387,0.2489875449050129,0.5
2024-25,Better record wins,1230,0.6593495934959349,0.6413399278720552,0.22454414512134863,0.6611045831568122
2024-25,Elo only,1230,0.651219512195122,0.6236762667006,0.21696374681087915,0.7216000682104612
2024-25,Logistic regression,1230,0.6747967479674797,0.6021388065636277,0.20798911949950055,0.7319835122525706
2024-25,Gradient boosting,1230,0.675609756097561,0.6074928960277982,0.21001870417324509,0.7273086976331502
2024-25,Ensemble (LR + GB),1230,0.6747967479674797,0.604264921179634,0.20877921197160007,0.7303342046153969
2025-26,Home team always wins,1230,0.5544715447154471,0.6878206769444453,0.24733720857986877,0.5
2025-26,Better record wins,1230,0.6731707317073171,0.6332070946062737,0.2205981745650012,0.6751169274568144
2025-26,Elo only,1230,0.675609756097561,0.6071665788896548,0.20883489342655304,0.7376838195945801
2025-26,Logistic regression,1230,0.6886178861788618,0.5953887864075728,0.2041809624824735,0.7405842626881007
2025-26,Gradient boosting,1230,0.6845528455284553,0.5973829070973272,0.20515067182002084,0.7396210159042748
2025-26,Ensemble (LR + GB),1230,0.6902439024390243,0.5957669268356921,0.20442315272275144,0.7408571826101849
